,$\Delta t$,$t_{	ext{max}}$,$\mathcal{J}_q$,$\mathcal{J}_2$,$\beta_0$,$\mathcal{E}_0$,$\beta_f$,$\mathcal{E}_f$,$\Delta \mathcal{E}(t)_{	ext{max}}$,"$\text{Rel,Err}(\mathcal{E}_f)$",$\gamma$,$B_{\mathcal{K}}$,$C_{\mathcal{K}}$,$	ext{MSE}_{\mathcal{K}}$,$\mathcal{V}(t_f)$,$\mathcal{V}_{\text{EQ}}(\beta)$,"$\text{Rel,Err}(\mathcal{V}(t_f))$"
0,0.05,1700.0,1.0,0.003,18.93637405357614,-0.9886859966642596,10.0,-1.0138236269344558,0.0004425141987741,0.02542529210994026,3.570165357681217e-05,-0.7137173520752731,0.7137453544191561,9.817652109339076e-12,-0.9719951901578764,-0.9652343437349212,0.006955637735056103
1,0.05,1700.0,1.0,0.004,18.93637405357614,-0.9886859966642596,7.236947791164658,-1.011918985575036,0.000442514152557,0.02349885503502869,8.297536932858881e-05,-0.540548318695193,0.5405453774729576,4.4548479845923567e-10,-0.9409093010447702,-0.9408850375108034,2.5787325026803556e-05
2,0.05,1700.0,1.0,0.005,18.93637405357614,-0.9886859966642596,5.27710843373494,-1.009818436745717,0.0004425140931321,0.021374268628013785,0.0001269719328454,-0.5449140482026409,0.5448163723262044,3.3589507080043903e-09,-0.9039510857004504,-0.903843248700896,0.0001192951712323462
3,0.05,1700.0,1.0,0.006,18.93637405357614,-0.9886859966642596,4.120481927710843,-1.00765965738894,0.0004425140204976,0.019190785333964382,0.0001702604843095,-0.5769618459309023,0.5766896549609591,1.3516854087370257e-08,-0.8623153631686938,-0.8629041860807185,0.0006828394079179546
4,0.05,1700.0,1.0,0.007,18.93637405357614,-0.9886859966642596,3.317269076305221,-1.005551290653326,0.0004425139346512,0.017058291556640192,0.0002139625389322,-0.6157681596133812,0.6152297539139824,3.9075412675514834e-08,-0.8170927540108727,-0.817025682266448,8.208583920910672e-05
5,0.05,1700.0,1.0,0.008,18.93637405357614,-0.9886859966642596,2.738955823293173,-1.0035709408066669,0.0004425138355894,0.015055279626319952,0.0002587139754571,-0.655278239899921,0.6543737984535708,9.175273796173448e-08,-0.7692705581298822,-0.7683954090948876,0.0011376349006806514
6,0.05,1700.0,1.0,0.009,18.93637405357614,-0.9886859966642596,2.321285140562249,-1.0017673199648616,0.0004425137233095,0.0132310190947755,0.0003049424786615,-0.693188181917317,0.6918132750779333,1.8644284504918145e-07,-0.7197363961372231,-0.7205947039673261,0.0011925308136554848
7,0.05,1700.0,1.0,0.01,18.93637405357614,-0.9886859966642596,1.973324883255504,-1.0001648072037386,0.0004425135978074,0.011610168019176435,0.0003529730126264,-0.7285250810501457,0.7265739384351682,3.4028797644437e-07,-0.6692837032534404,-0.6691905661095238,0.00013915943786458617
11,0.05,1700.0,1.0,0.02,18.93637405357614,-0.9886859966642596,0.480852101400934,-0.9928651136227516,0.0004425116143866,0.004226940578294851,0.0009806408794642,-0.9302964922777598,0.9182434683779124,7.51333460997742e-06,-0.2315944670443312,-0.231750535980892,0.000673888882375192
12,0.05,1700.0,1.0,0.03,18.93637405357614,-0.9886859966642596,0.0847266177451634,-0.9914131701874224,0.0004425083011443,0.0027583818647821537,0.001976967625104,-0.9777095644583064,0.9556005947712076,1.6465463443597987e-05,-0.0421934272290632,-0.0423126873823506,0.0028265102201807447
13,0.05,1700.0,1.0,0.04,18.93637405357614,-0.9886859966642596,0.007368779186124,-0.9908528897930736,0.0004425036467678,0.0021916899158326572,0.0034062568638236,-0.9868647424678616,0.9606288882615132,1.60425655975286e-05,-0.0039249525726176,-0.0036843561972029,0.061299180299201186
14,0.05,1700.0,1.0,0.05,18.93637405357614,-0.9886859966642596,0.0003717284856571,-0.9905658417233368,0.000442497635421,0.001901357018729574,0.005274192384582,-0.98886346400737,0.962623463847287,1.2302670298162307e-05,-0.0001856504247965,-0.0001858642385373,0.0011517007894507503
15,0.05,1700.0,1.0,0.06,18.93637405357614,-0.9886859966642596,9.00133422281521e-06,-0.990407138167834,0.0004424902467419,0.0017408373430809858,0.0075713773283343,-0.9894437608610204,0.9649267694910334,9.149004961844165e-06,-4.468316726791179e-06,-4.50066711134661e-06,0.007239948851759861
24,0.05,1700.0,1.0,0.07,18.93637405357614,-0.9886859966642596,1e-06,-0.9903123702868636,0.0004424814558462,0.0016449849882482664,0.0102907894665275,-0.9896752174149004,0.9676326313451412,6.942924485676975e-06,-5.4793144973661136e-08,-4.999999999999162e-07,8.125229081854389
0,0.05,1700.0,1.0,0.003,8.440691151863328,-0.9539392014169455,6.947791164658634,-0.9748764141162548,0.0004427220353808,0.021948162595907483,2.3977253440283585e-05,-0.9499334717657432,0.9499578128025296,3.853828143949772e-13,-0.93710819427486,-0.9369489156914154,0.00016996818981816409
1,0.05,1700.0,1.0,0.004,8.440691151863328,-0.9539392014169455,5.437751004016064,-0.9733649090228575,0.0004427219832485,0.02036367472587119,6.121728582543574e-05,-0.659697245448033,0.6597262835549794,3.116407257291036e-11,-0.908304930871612,-0.9080545908626432,0.0002756122976549453
2,0.05,1700.0,1.0,0.005,8.440691151863328,-0.9539392014169455,4.377510040160642,-0.971674522033863,0.0004427219162187,0.018591667677116137,0.0001011876658893,-0.6204796746440316,0.6204858552602343,4.46941174436622e-10,-0.8736793299069974,-0.8740068226634018,0.00037484320069616994
3,0.05,1700.0,1.0,0.006,8.440691151863328,-0.9539392014169455,3.57429718875502,-0.969918188926328,0.0004427218342895,0.01675053031225453,0.0001430791302787,-0.6274964324944237,0.6274326532015132,2.717225972897062e-09,-0.8343524570561652,-0.8339206085423951,0.0005175852364524459
4,0.05,1700.0,1.0,0.007,8.440691151863328,-0.9539392014169455,2.995983935742972,-0.9681880727763372,0.0004427217374574,0.014936875786451526,0.0001866358888427,-0.6492515579797701,0.6490536321666984,1.0444964486935751e-08,-0.7913723845776052,-0.7921049889715694,0.0009257391441012982
5,0.05,1700.0,1.0,0.008,8.440691151863328,-0.9539392014169455,2.5140562248995986,-0.9665520522571488,0.0004427216257209,0.013221860283620374,0.0002318536284167,-0.6761482690725023,0.6757385771856583,3.0155630306711256e-08,-0.7457017206389707,-0.7442775863051492,0.0019097908646384663
6,0.05,1700.0,1.0,0.009,8.440691151863328,-0.9539392014169455,2.1606425702811247,-0.9650543190106188,0.0004427214990753,0.011651809231828665,0.0002788414559005,-0.7042909532514559,0.7035823987042262,7.156047004414456e-08,-0.6982145076093658,-0.6983879092121406,0.0002483500426946242
7,0.05,1700.0,1.0,0.01,8.440691151863328,-0.9539392014169455,1.8612893929286192,-0.9637184810478152,0.0004427213575176,0.010251470551104189,0.0003277590342137,-0.7318506140082924,0.7307504983201717,1.471977979891268e-07,-0.6496976583019157,-0.6498072883069308,0.00016874003409771544
11,0.05,1700.0,1.0,0.02,8.440691151863328,-0.9539392014169455,0.4675145430286858,-0.9576194420118908,0.0004427191205953,0.0038579404111695106,0.0009628779211369,-0.902222017488854,0.8929863162365408,5.092152058318964e-06,-0.2254732398597118,-0.2257561629099131,0.0012547965797508342
12,0.05,1700.0,1.0,0.03,8.440691151863328,-0.9539392014169455,0.0820591060707138,-0.9564239891144428,0.0004427153848548,0.002604765265759558,0.0019614305514681,-0.9442288837020616,0.9262187182437288,1.2160257884621773e-05,-0.0410905709602752,-0.0409835577337293,0.00260432561643771
13,0.05,1700.0,1.0,0.04,8.440691151863328,-0.9539392014169455,0.007368779186124,-0.955954277895398,0.0004427101389908,0.0021123741171967035,0.0033882911096854,-0.9524088702466292,0.930687545981582,1.2092332880132312e-05,-0.0038220859484978,-0.0036843561972029,0.036035231324149625
14,0.05,1700.0,1.0,0.05,8.440691151863328,-0.9539392014169455,0.0003610600400266,-0.9557098557637834,0.0004427033671755,0.0018561501028658961,0.005250002908552,-0.9542002521159528,0.9324149526381984,9.312540786157362e-06,-0.0001807614749397,-0.000180530016081,0.0012804656455541522
15,0.05,1700.0,1.0,0.06,8.440691151863328,-0.9539392014169455,9.00133422281521e-06,-0.9555744290598654,0.0004426950490617,0.0017141843426614557,0.0075381044038899,-0.9547219609240162,0.934424804798366,6.927661585958627e-06,-4.349993258329098e-06,-4.50066711134661e-06,0.03463772104221325
24,0.05,1700.0,1.0,0.07,8.440691151863328,-0.9539392014169455,1e-06,-0.955493720252163,0.000442685159779,0.001629578523357019,0.0102460973417069,-0.9549308024234738,0.936812231178778,5.2555927181054575e-06,-5.333364988687184e-08,-4.999999999999162e-07,8.374944356152005
0,0.06,1740.0,1.0,0.003,1.9938539687925645,-0.6726068688320095,1.8959670446964645,-0.6786931343573066,0.0006323219103271,0.00904877099436406,1.714610326611353e-05,-0.7747775816566996,0.7747871697638711,2.307755340835951e-14,-0.6559823289451591,-0.6559949934638393,1.9306188781899687e-05
1,0.06,1740.0,1.0,0.004,1.9938539687925645,-0.6726068688320095,1.7999366244162776,-0.6783320802381927,0.000632321718856,0.008511972849942954,3.58111162271542e-05,-0.6594318075247324,0.6594486002640089,6.548276424416142e-14,-0.6385587309606995,-0.638539174655042,3.062569613308533e-05
2,0.06,1740.0,1.0,0.005,1.9938539687925645,-0.6726068688320095,1.689234889926618,-0.6779174328715926,0.0006323214726723,0.007895494806356854,5.927678118023957e-05,-0.6223103208123466,0.6223351658899613,4.342944175110254e-13,-0.6169917388852203,-0.6168697818272916,0.0001976640046252079
3,0.06,1740.0,1.0,0.006,1.9938539687925645,-0.6726068688320095,1.571864376250834,-0.6774763085014885,0.0006323211717734,0.007239652009404697,8.724612566599071e-05,-0.6085178983524061,0.6085497119955315,5.06788543336686e-12,-0.5918235200379793,-0.591924759512746,0.0001710636217367709
4,0.06,1740.0,1.0,0.007,1.9938539687925645,-0.6726068688320095,1.4504925950633756,-0.6770335354588678,0.0006323208161528,0.006581358044328739,0.0001194376754016,-0.6044946443415613,0.6045294477201735,3.5833916034263656e-11,-0.5636417996041613,-0.5637985482052875,0.0002780996747159754
5,0.06,1740.0,1.0,0.008,1.9938539687925645,-0.6726068688320095,1.3291208138759174,-0.6766095706596948,0.0006323204058056,0.005951027283792248,0.0001556045211516,-0.6052794524827068,0.6053095835039025,1.69055042363001e-10,-0.5330535299570937,-0.5330876597876788,6.402702292938054e-05
6,0.06,1740.0,1.0,0.009,1.9938539687925645,-0.6726068688320095,1.2117503002001335,-0.6762194327880973,0.0006323199407238,0.00537098879522453,0.0001955446990712,-0.6086011464431849,0.6086148031580462,6.004128979880114e-10,-0.5006631427036784,-0.5007260574818261,0.00012566289143620674
7,0.06,1740.0,1.0,0.01,1.9938539687925645,-0.6726068688320095,1.0997148098732488,-0.6758725583895261,0.0006323194209,0.004855272386955424,0.0002391044736529,-0.6132566474350942,0.6132378384307925,1.7298742424191156e-09,-0.4670555369961772,-0.4672177743935851,0.0003473621112626308
8,0.06,1740.0,1.0,0.02,1.9938539687925645,-0.6726068688320095,0.3288039359573049,-0.6745135140357318,0.000632311209433,0.0028347096826905967,0.0008659896413229,-0.6573305183092806,0.6557202169547252,2.875874203997032e-07,-0.1615231047090516,-0.1615309714080227,4.870324270492828e-05
9,0.06,1740.0,1.0,0.03,1.9938539687925645,-0.6726068688320095,0.0567177451634423,-0.6743890169217401,0.000632297508087,0.0026496132768096376,0.0018682806061289,-0.6705647372755651,0.6665986258991689,9.844431831301624e-07,-0.0283837088009725,-0.0283436689495721,0.0014106631265547777
10,0.06,1740.0,1.0,0.04,1.9938539687925645,-0.6726068688320095,0.0047012675116744,-0.6742865486080313,0.0006322782935115,0.0024972682466632814,0.0032793932827666,-0.6731717681806979,0.6682892547380551,1.0600113251656652e-06,-0.0024998001766201,-0.0023506250831221,0.05967480716786518
11,0.06,1740.0,1.0,0.05,1.9938539687925645,-0.6726068688320095,0.0002197031354236,-0.6742112703217275,0.000632253533017,0.0023853480600101954,0.0051042408406113,-0.6737373210321521,0.6691374855506577,8.26350941237335e-07,-0.0001101747672392,-0.0001098515668258,0.0029335248124308833
12,0.06,1740.0,1.0,0.06,1.9938539687925645,-0.6726068688320095,5.000667111407604e-06,-0.6741678768239876,0.0006322231845751,0.0023208326651329393,0.0073389398152816,-0.6739013271475517,0.6701422719564168,6.124040578289486e-07,-2.4323183223909093e-06,-2.5003335556933438e-06,0.027963129939167337
13,0.06,1740.0,1.0,0.07,1.9938539687925645,-0.6726068688320095,1e-06,-0.6741427446133983,0.00063218719682,0.0022834672861070764,0.0099800860966096,-0.6739676630609664,0.6713385363575304,4.609733000636193e-07,-2.6934303412774103e-08,-4.999999999999162e-07,17.563687812426654
